timestamp_utc,ao_mv,moisture_pct,air_temp_c,humidity_pct
2026-08-24T16:30:45Z,3139,0.0,,
2026-08-24T16:30:46Z,3139,0.0,,
2026-08-24T16:30:47Z,3139,0.0,,
2026-08-24T16:30:48Z,3139,0.0,,
2026-08-24T16:30:49Z,3139,0.0,,
2026-08-24T16:30:50Z,3139,0.0,,
2026-08-24T16:30:51Z,3139,0.0,,
2026-08-24T16:30:52Z,3139,0.0,,
2026-08-24T16:30:53Z,3139,0.0,,
2026-08-24T16:30:54Z,3139,0.0,,
2026-08-24T16:30:55Z,3139,0.0,,
2026-08-24T16:30:56Z,3139,0.0,,
2026-08-24T16:30:57Z,3139,0.0,,
2026-08-24T16:30:58Z,3139,0.0,,
2026-08-24T16:30:59Z,3139,0.0,,
2026-08-24T16:31:00Z,3139,0.0,,
2026-08-24T16:31:01Z,3139,0.0,,
2026-08-24T16:31:02Z,3139,0.0,,
2026-08-24T16:31:03Z,3139,0.0,,
2026-08-24T16:31:04Z,3139,0.0,,
2026-08-24T16:31:05Z,3139,0.0,,
2026-08-24T16:31:06Z,3139,0.0,,
2026-08-24T16:31:07Z,3139,0.0,,
2026-08-24T16:31:08Z,3139,0.0,,
2026-08-24T16:31:09Z,3139,0.0,,
2026-08-24T16:31:10Z,3139,0.0,,
2026-08-24T16:31:11Z,3139,0.0,,
2026-08-24T16:31:12Z,3139,0.0,,
2026-08-24T16:31:13Z,3139,0.0,,
2026-08-24T16:31:14Z,3139,0.0,,
2026-08-24T16:31:15Z,3139,0.0,,
2026-08-24T16:31:16Z,3139,0.0,,
2026-08-24T16:31:17Z,3139,0.0,,
2026-08-24T16:31:18Z,3139,0.0,,
2026-08-24T16:31:19Z,3139,0.0,,
2026-08-24T16:31:20Z,3139,0.0,,
2026-08-24T16:31:21Z,3139,0.0,,
2026-08-24T16:31:22Z,3139,0.0,,
2026-08-24T16:31:23Z,3139,0.0,,
2026-08-24T16:31:24Z,3139,0.0,,
2026-08-24T16:31:25Z,3139,0.0,,
2026-08-24T16:31:26Z,3139,0.0,,
2026-08-24T16:31:27Z,3139,0.0,,
2026-08-24T16:31:28Z,3139,0.0,,
2026-08-24T16:31:29Z,3139,0.0,,
2026-08-24T16:31:30Z,3139,0.0,,
2026-08-24T16:31:31Z,3139,0.0,,
2026-08-24T16:31:32Z,3139,0.0,,
2026-08-24T16:31:33Z,3139,0.0,,
2026-08-24T16:31:34Z,3139,0.0,,
2026-08-24T16:31:35Z,3139,0.0,,
2026-08-24T16:31:36Z,3139,0.0,,
2026-08-24T16:31:37Z,3139,0.0,,
2026-08-24T16:31:38Z,3139,0.0,,
2026-08-24T16:31:39Z,3139,0.0,,
2026-08-24T16:31:40Z,3139,0.0,,
2026-08-24T16:31:41Z,3139,0.0,,
2026-08-24T16:31:42Z,3139,0.0,,
2026-08-24T16:31:43Z,3139,0.0,,
2026-08-24T16:31:44Z,3139,0.0,,
2026-08-24T16:31:45Z,3139,0.0,,
2026-08-24T16:31:46Z,3139,0.0,,
2026-08-24T16:31:47Z,3139,0.0,,
2026-08-24T16:31:48Z,3139,0.0,,
2026-08-24T16:31:49Z,3139,0.0,,
2026-08-24T16:31:50Z,3139,0.0,,
2026-08-24T16:31:51Z,3139,0.0,,
2026-08-24T16:31:52Z,3139,0.0,,
2026-08-24T16:31:53Z,3139,0.0,,
2026-08-24T16:31:54Z,3139,0.0,,
2026-08-24T16:31:55Z,3139,0.0,,
2026-08-24T16:31:56Z,3139,0.0,,
2026-08-24T16:31:57Z,3139,0.0,,
2026-08-24T16:31:58Z,3139,0.0,,
2026-08-24T16:31:59Z,3139,0.0,,
2026-08-24T16:32:00Z,3139,0.0,,
2026-08-24T16:32:01Z,3139,0.0,,
2026-08-24T16:32:02Z,3139,0.0,,
2026-08-24T16:32:03Z,3139,0.0,,
2026-08-24T16:32:04Z,3139,0.0,,
2026-08-24T16:32:05Z,3139,0.0,,
2026-08-24T16:32:06Z,3139,0.0,,
2026-08-24T16:32:07Z,3139,0.0,,
2026-08-24T16:32:08Z,3139,0.0,,
2026-08-24T16:32:09Z,3139,0.0,,
2026-08-24T16:32:10Z,3139,0.0,,
2026-08-24T16:32:11Z,3139,0.0,,
2026-08-24T16:32:12Z,3139,0.0,,
2026-08-24T16:32:13Z,3139,0.0,,
2026-08-24T16:32:14Z,3139,0.0,,
2026-08-24T16:32:15Z,3139,0.0,,
2026-08-24T16:32:16Z,3139,0.0,,
2026-08-24T16:32:17Z,3139,0.0,,
2026-08-24T16:32:18Z,3139,0.0,,
2026-08-24T16:32:19Z,3139,0.0,,
2026-08-24T16:32:20Z,3139,0.0,,
2026-08-24T16:32:21Z,3139,0.0,,
2026-08-24T16:32:22Z,3139,0.0,,
2026-08-24T16:32:23Z,3139,0.0,,
2026-08-24T16:32:24Z,3139,0.0,,
2026-08-24T16:32:26Z,3139,0.0,,
2026-08-24T16:32:27Z,3139,0.0,,
2026-08-24T16:32:28Z,3139,0.0,,
2026-08-24T16:32:29Z,3139,0.0,,
2026-08-24T16:32:30Z,3139,0.0,,
2026-08-24T16:32:31Z,3139,0.0,,
2026-08-24T16:32:32Z,3139,0.0,,
2026-08-24T16:32:33Z,3139,0.0,,
2026-08-24T16:32:34Z,3139,0.0,,
2026-08-24T16:32:35Z,3139,0.0,,
2026-08-24T16:32:36Z,3139,0.0,,
2026-08-24T16:32:37Z,3139,0.0,,
2026-08-24T16:32:38Z,3139,0.0,,
2026-08-24T16:32:39Z,3139,0.0,,
2026-08-24T16:32:40Z,3139,0.0,,
2026-08-24T16:32:41Z,3139,0.0,,
2026-08-24T16:32:42Z,3139,0.0,,
2026-08-24T16:32:43Z,3139,0.0,,
2026-08-24T16:32:44Z,3139,0.0,,
2026-08-24T16:32:45Z,3139,0.0,,
2026-08-24T16:32:46Z,3139,0.0,,
2026-08-24T16:32:47Z,3139,0.0,,
2026-08-24T16:32:48Z,3139,0.0,,
2026-08-24T16:32:49Z,3139,0.0,,
2026-08-24T16:32:50Z,3139,0.0,,
2026-08-24T16:32:51Z,3139,0.0,,
2026-08-24T16:32:52Z,3139,0.0,,
2026-08-24T16:32:53Z,3139,0.0,,
2026-08-24T16:32:54Z,3139,0.0,,
2026-08-24T16:32:55Z,3139,0.0,,
2026-08-24T16:32:56Z,3139,0.0,,
2026-08-24T16:32:57Z,3139,0.0,,
2026-08-24T16:32:58Z,3139,0.0,,
2026-08-24T16:32:59Z,3139,0.0,,
2026-08-24T16:33:00Z,3139,0.0,,
2026-08-24T16:33:01Z,3139,0.0,,
2026-08-24T16:33:02Z,3139,0.0,,
2026-08-24T16:33:03Z,3139,0.0,,
2026-08-24T16:33:04Z,3139,0.0,,
2026-08-24T16:33:05Z,3139,0.0,,
2026-08-24T16:33:06Z,3139,0.0,,
2026-08-24T16:33:07Z,3139,0.0,,
2026-08-24T16:33:08Z,3139,0.0,,
2026-08-24T16:33:09Z,3139,0.0,,
2026-08-24T16:33:10Z,3139,0.0,,
2026-08-24T16:33:11Z,3139,0.0,,
2026-08-24T16:33:12Z,3139,0.0,,
2026-08-24T16:33:13Z,3139,0.0,,
2026-08-24T16:33:14Z,3139,0.0,,
2026-08-24T16:33:15Z,3139,0.0,,
2026-08-24T16:33:16Z,3139,0.0,,
2026-08-24T16:33:17Z,3139,0.0,,
2026-08-24T16:33:18Z,3139,0.0,,
2026-08-24T16:33:19Z,3139,0.0,,
2026-08-24T16:33:20Z,3139,0.0,,
2026-08-24T16:33:21Z,3139,0.0,,
2026-08-24T16:33:22Z,3139,0.0,,
2026-08-24T16:33:23Z,3139,0.0,,
2026-08-24T16:33:24Z,3139,0.0,,
2026-08-24T16:33:25Z,3139,0.0,,
2026-08-24T16:33:26Z,3139,0.0,,
2026-08-24T16:33:27Z,3139,0.0,,
2026-08-24T16:33:28Z,3139,0.0,,
2026-08-24T16:33:29Z,3139,0.0,,
2026-08-24T16:33:30Z,3139,0.0,,
2026-08-24T16:33:31Z,3139,0.0,,
2026-08-24T16:33:32Z,3139,0.0,,
2026-08-24T16:33:33Z,3139,0.0,,
2026-08-24T16:33:34Z,3139,0.0,,
2026-08-24T16:33:35Z,3139,0.0,,
2026-08-24T16:33:36Z,3139,0.0,,
2026-08-24T16:33:37Z,3139,0.0,,
2026-08-24T16:33:38Z,3139,0.0,,
2026-08-24T16:33:39Z,3139,0.0,,
2026-08-24T16:33:40Z,3139,0.0,,
2026-08-24T16:33:41Z,3139,0.0,,
2026-08-24T16:33:42Z,3139,0.0,,
2026-08-24T16:33:43Z,3139,0.0,,
2026-08-24T16:33:44Z,3139,0.0,,
2026-08-24T16:33:45Z,3139,0.0,,
2026-08-24T16:33:46Z,3139,0.0,,
2026-08-24T16:33:47Z,3139,0.0,,
2026-08-24T16:33:48Z,3139,0.0,,
2026-08-24T16:33:49Z,3139,0.0,,
2026-08-24T16:33:50Z,3139,0.0,,
2026-08-24T16:33:51Z,3139,0.0,,
2026-08-24T16:33:52Z,3139,0.0,,
2026-08-24T16:33:53Z,3139,0.0,,
2026-08-24T16:33:54Z,3139,0.0,,
2026-08-24T16:33:55Z,3139,0.0,,
2026-08-24T16:33:56Z,3139,0.0,,
2026-08-24T16:33:57Z,3139,0.0,,
2026-08-24T16:33:58Z,3139,0.0,,
2026-08-24T16:33:59Z,3139,0.0,,
2026-08-24T16:34:00Z,3139,0.0,,
2026-08-24T16:34:01Z,3139,0.0,,
2026-08-24T16:34:02Z,3139,0.0,,
2026-08-24T16:34:03Z,3139,0.0,,
2026-08-24T16:34:04Z,3139,0.0,,
2026-08-24T16:34:05Z,3139,0.0,,
2026-08-24T16:34:06Z,3139,0.0,,
2026-08-24T16:34:07Z,3139,0.0,,
2026-08-24T16:34:08Z,3139,0.0,,
2026-08-24T16:34:09Z,3139,0.0,,
2026-08-24T16:34:10Z,3139,0.0,,
2026-08-24T16:34:11Z,3139,0.0,,
2026-08-24T16:34:12Z,3139,0.0,,
2026-08-24T16:34:13Z,3139,0.0,,
2026-08-24T16:34:14Z,3139,0.0,,
2026-08-24T16:34:15Z,3139,0.0,,
2026-08-24T16:34:16Z,3139,0.0,,
2026-08-24T16:34:17Z,3139,0.0,,
2026-08-24T16:34:18Z,3139,0.0,,
2026-08-24T16:34:19Z,3139,0.0,,
2026-08-24T16:34:20Z,3139,0.0,,
2026-08-24T16:34:21Z,3139,0.0,,
2026-08-24T16:34:22Z,3139,0.0,,
2026-08-24T16:34:23Z,3139,0.0,,
2026-08-24T16:34:24Z,3139,0.0,,
2026-08-24T16:34:25Z,3139,0.0,,
2026-08-24T16:34:26Z,3139,0.0,,
2026-08-24T16:34:27Z,3139,0.0,,
2026-08-24T16:34:28Z,3139,0.0,,
2026-08-24T16:34:29Z,3139,0.0,,
2026-08-24T16:34:30Z,3139,0.0,,
2026-08-24T16:34:31Z,3139,0.0,,
2026-08-24T16:34:32Z,3139,0.0,,
2026-08-24T16:34:33Z,3139,0.0,,
2026-08-24T16:34:34Z,3139,0.0,,
2026-08-24T16:34:35Z,3139,0.0,,
2026-08-24T16:34:36Z,3139,0.0,,
2026-08-24T16:34:37Z,3139,0.0,,
2026-08-24T16:34:38Z,3139,0.0,,
2026-08-24T16:34:39Z,3139,0.0,,
2026-08-24T16:34:40Z,3139,0.0,,
2026-08-24T16:34:41Z,3139,0.0,,
2026-08-24T16:34:42Z,3139,0.0,,
2026-08-24T16:34:43Z,3139,0.0,,
2026-08-24T16:34:44Z,3139,0.0,,
2026-08-24T16:34:45Z,3139,0.0,,
2026-08-24T16:34:46Z,3139,0.0,,
2026-08-24T16:34:47Z,3139,0.0,,
2026-08-24T16:34:48Z,3139,0.0,,
2026-08-24T16:34:49Z,3139,0.0,,
2026-08-24T16:34:50Z,3139,0.0,,
2026-08-24T16:34:51Z,3139,0.0,,
2026-08-24T16:34:52Z,3139,0.0,,
2026-08-24T16:34:53Z,3139,0.0,,
2026-08-24T16:34:54Z,3139,0.0,,
2026-08-24T16:34:55Z,3139,0.0,,
2026-08-24T16:34:56Z,3139,0.0,,
2026-08-24T16:34:57Z,3139,0.0,,
2026-08-24T16:34:58Z,3139,0.0,,
2026-08-24T16:34:59Z,3139,0.0,,
2026-08-24T16:35:00Z,3139,0.0,,
2026-08-24T16:35:01Z,3139,0.0,,
2026-08-24T16:35:02Z,3139,0.0,,
2026-08-24T16:35:03Z,3139,0.0,,
2026-08-24T16:35:04Z,3139,0.0,,
2026-08-24T16:35:05Z,3139,0.0,,
2026-08-24T16:35:06Z,3139,0.0,,
2026-08-24T16:35:07Z,3139,0.0,,
2026-08-24T16:35:08Z,3139,0.0,,
2026-08-24T16:35:09Z,3139,0.0,,
2026-08-24T16:35:10Z,3139,0.0,,
2026-08-24T16:35:11Z,3139,0.0,,
2026-08-24T16:35:12Z,3139,0.0,,
2026-08-24T16:35:13Z,3139,0.0,,
2026-08-24T16:35:14Z,3139,0.0,,
2026-08-24T16:35:15Z,3139,0.0,,
2026-08-24T16:35:16Z,3139,0.0,,
2026-08-24T16:35:17Z,3139,0.0,,
2026-08-24T16:35:18Z,3139,0.0,,
2026-08-24T16:35:19Z,3139,0.0,,
2026-08-24T16:35:20Z,3139,0.0,,
2026-08-24T16:35:21Z,3139,0.0,,
2026-08-24T16:35:22Z,3139,0.0,,
2026-08-24T16:35:23Z,3139,0.0,,
2026-08-24T16:35:24Z,3139,0.0,,
2026-08-24T16:35:25Z,3139,0.0,,
2026-08-24T16:35:26Z,3139,0.0,,
2026-08-24T16:35:27Z,3139,0.0,,
2026-08-24T16:35:28Z,3139,0.0,,
2026-08-24T16:35:29Z,3139,0.0,,
2026-08-24T16:35:30Z,3139,0.0,,
2026-08-24T16:35:31Z,3139,0.0,,
2026-08-24T16:35:32Z,3139,0.0,,
2026-08-24T16:35:33Z,3139,0.0,,
2026-08-24T16:35:34Z,3139,0.0,,
2026-08-24T16:35:35Z,3139,0.0,,
2026-08-24T16:35:36Z,3139,0.0,,
2026-08-24T16:35:37Z,3139,0.0,,
2026-08-24T16:35:38Z,3139,0.0,,
2026-08-24T16:35:39Z,3139,0.0,,
2026-08-24T16:35:40Z,3139,0.0,,
2026-08-24T16:35:41Z,3139,0.0,,
2026-08-24T16:35:42Z,3139,0.0,,
2026-08-24T16:35:43Z,3139,0.0,,
2026-08-24T16:35:44Z,3139,0.0,,
2026-08-24T16:35:45Z,3139,0.0,,
2026-08-24T16:35:46Z,3139,0.0,,
2026-08-24T16:35:47Z,3139,0.0,,
2026-08-24T16:35:48Z,3139,0.0,,
2026-08-24T16:35:49Z,3139,0.0,,
2026-08-24T16:35:50Z,3139,0.0,,
2026-08-24T16:35:51Z,3139,0.0,,
2026-08-24T16:35:52Z,3139,0.0,,
2026-08-24T16:35:53Z,3139,0.0,,
2026-08-24T16:35:54Z,3139,0.0,,
2026-08-24T16:35:55Z,3139,0.0,,
2026-08-24T16:35:56Z,3139,0.0,,
2026-08-24T16:35:57Z,3139,0.0,,
2026-08-24T16:35:58Z,3139,0.0,,
2026-08-24T16:35:59Z,3139,0.0,,
2026-08-24T16:36:00Z,3139,0.0,,
2026-08-24T16:36:01Z,3139,0.0,,
2026-08-24T16:36:02Z,3139,0.0,,
2026-08-24T16:36:03Z,3139,0.0,,
2026-08-24T16:36:04Z,3139,0.0,,
2026-08-24T16:36:05Z,3139,0.0,,
2026-08-24T16:36:06Z,3139,0.0,,
2026-08-24T16:36:07Z,3139,0.0,,
2026-08-24T16:36:08Z,3139,0.0,,
2026-08-24T16:36:09Z,3139,0.0,,
2026-08-24T16:36:10Z,3139,0.0,,
2026-08-24T16:36:11Z,3139,0.0,,
2026-08-24T16:36:12Z,3139,0.0,,
2026-08-24T16:36:13Z,3139,0.0,,
2026-08-24T16:36:14Z,3139,0.0,,
2026-08-24T16:36:15Z,3139,0.0,,
2026-08-24T16:36:16Z,3139,0.0,,
2026-08-24T16:36:17Z,3139,0.0,,
2026-08-24T16:36:18Z,3139,0.0,,
2026-08-24T16:36:19Z,3139,0.0,,
2026-08-24T16:36:20Z,3139,0.0,,
2026-08-24T16:36:21Z,3139,0.0,,
2026-08-24T16:36:22Z,3139,0.0,,
2026-08-24T16:36:23Z,3139,0.0,,
2026-08-24T16:36:24Z,3139,0.0,,
2026-08-24T16:36:25Z,3139,0.0,,
2026-08-24T16:36:26Z,3139,0.0,,
2026-08-24T16:36:27Z,3139,0.0,,
2026-08-24T16:36:28Z,3139,0.0,,
2026-08-24T16:36:29Z,3139,0.0,,
2026-08-24T16:36:30Z,3139,0.0,,
2026-08-24T16:36:31Z,3139,0.0,,
2026-08-24T16:36:32Z,3139,0.0,,
2026-08-24T16:36:33Z,3139,0.0,,
2026-08-24T16:36:34Z,3139,0.0,,
2026-08-24T16:36:35Z,3139,0.0,,
2026-08-24T16:36:36Z,3139,0.0,,
2026-08-24T16:36:37Z,3139,0.0,,
2026-08-24T16:36:38Z,3139,0.0,,
2026-08-24T16:36:39Z,3139,0.0,,
2026-08-24T16:36:40Z,3139,0.0,,
2026-08-24T16:36:41Z,3139,0.0,,
2026-08-24T16:36:42Z,3139,0.0,,
2026-08-24T16:36:43Z,3139,0.0,,
2026-08-24T16:36:44Z,3139,0.0,,
2026-08-24T16:36:45Z,3139,0.0,,
2026-08-24T16:36:46Z,3139,0.0,,
2026-08-24T16:36:47Z,3139,0.0,,
2026-08-24T16:36:48Z,3139,0.0,,
2026-08-24T16:36:49Z,3139,0.0,,
2026-08-24T16:36:50Z,3139,0.0,,
2026-08-24T16:36:51Z,3139,0.0,,
2026-08-24T16:36:52Z,3139,0.0,,
2026-08-24T16:36:53Z,3139,0.0,,
2026-08-24T16:36:54Z,3139,0.0,,
2026-08-24T16:36:55Z,3139,0.0,,
2026-08-24T16:36:56Z,3139,0.0,,
2026-08-24T16:36:57Z,3139,0.0,,
2026-08-24T16:36:58Z,3139,0.0,,
2026-08-24T16:36:59Z,3139,0.0,,
2026-08-24T16:37:00Z,3139,0.0,,
2026-08-24T16:37:02Z,3139,0.0,,
2026-08-24T16:37:03Z,3139,0.0,,
2026-08-24T16:37:04Z,3139,0.0,,
2026-08-24T16:37:05Z,3139,0.0,,
2026-08-24T16:37:06Z,3139,0.0,,
2026-08-24T16:37:07Z,3139,0.0,,
2026-08-24T16:37:08Z,3139,0.0,,
2026-08-24T16:37:09Z,3139,0.0,,
2026-08-24T16:37:10Z,3139,0.0,,
2026-08-24T16:37:11Z,3139,0.0,,
2026-08-24T16:37:12Z,3139,0.0,,
2026-08-24T16:37:13Z,3139,0.0,,
2026-08-24T16:37:14Z,3139,0.0,,
2026-08-24T16:37:15Z,3139,0.0,,
2026-08-24T16:37:16Z,3139,0.0,,
2026-08-24T16:37:17Z,3139,0.0,,
2026-08-24T16:37:18Z,3139,0.0,,
2026-08-24T16:37:19Z,3139,0.0,,
2026-08-24T16:37:20Z,3139,0.0,,
2026-08-24T16:37:21Z,3139,0.0,,
2026-08-24T16:37:22Z,3139,0.0,,
2026-08-24T16:37:23Z,3139,0.0,,
2026-08-24T16:37:24Z,3139,0.0,,
2026-08-24T16:37:25Z,3139,0.0,,
2026-08-24T16:37:26Z,3139,0.0,,
2026-08-24T16:37:27Z,3139,0.0,,
2026-08-24T16:37:28Z,3139,0.0,,
2026-08-24T16:37:29Z,3139,0.0,,
2026-08-24T16:37:30Z,3139,0.0,,
2026-08-24T16:37:31Z,3139,0.0,,
2026-08-24T16:37:32Z,3139,0.0,,
2026-08-24T16:37:33Z,3139,0.0,,
2026-08-24T16:37:34Z,3139,0.0,,
2026-08-24T16:37:35Z,3139,0.0,,
2026-08-24T16:37:36Z,3139,0.0,,
2026-08-24T16:37:37Z,3139,0.0,,
2026-08-24T16:37:38Z,3139,0.0,,
2026-08-24T16:37:39Z,3139,0.0,,
2026-08-24T16:37:40Z,3139,0.0,,
2026-08-24T16:37:41Z,3139,0.0,,
2026-08-24T16:37:42Z,3139,0.0,,
2026-08-24T16:37:43Z,3139,0.0,,
2026-08-24T16:37:44Z,3139,0.0,,
2026-08-24T16:37:45Z,3139,0.0,,
2026-08-24T16:37:46Z,3139,0.0,,
2026-08-24T16:37:47Z,3139,0.0,,
2026-08-24T16:37:48Z,3139,0.0,,
2026-08-24T16:37:49Z,3139,0.0,,
2026-08-24T16:37:50Z,3139,0.0,,
2026-08-24T16:37:51Z,3139,0.0,,
2026-08-24T16:37:52Z,3139,0.0,,
2026-08-24T16:37:53Z,3139,0.0,,
2026-08-24T16:37:54Z,3139,0.0,,
2026-08-24T16:37:55Z,3139,0.0,,
2026-08-24T16:37:56Z,3139,0.0,,
2026-08-24T16:37:57Z,3139,0.0,,
2026-08-24T16:37:58Z,3139,0.0,,
2026-08-24T16:37:59Z,3139,0.0,,
2026-08-24T16:38:00Z,3139,0.0,,
2026-08-24T16:38:01Z,3139,0.0,,
2026-08-24T16:38:02Z,3139,0.0,,
2026-08-24T16:38:03Z,3139,0.0,,
2026-08-24T16:38:04Z,3139,0.0,,
2026-08-24T16:38:05Z,3139,0.0,,
2026-08-24T16:38:06Z,3139,0.0,,
2026-08-24T16:38:07Z,3139,0.0,,
2026-08-24T16:38:08Z,3139,0.0,,
2026-08-24T16:38:09Z,3139,0.0,,
2026-08-24T16:38:10Z,3139,0.0,,
2026-08-24T16:38:11Z,3139,0.0,,
2026-08-24T16:38:12Z,3139,0.0,,
2026-08-24T16:38:13Z,3139,0.0,,
2026-08-24T16:38:14Z,3139,0.0,,
2026-08-24T16:38:15Z,3139,0.0,,
2026-08-24T16:38:16Z,3139,0.0,,
2026-08-24T16:38:17Z,3139,0.0,,
2026-08-24T16:38:18Z,3139,0.0,,
2026-08-24T16:38:19Z,3139,0.0,,
2026-08-24T16:38:20Z,3139,0.0,,
2026-08-24T16:38:21Z,3139,0.0,,
2026-08-24T16:38:22Z,3139,0.0,,
2026-08-24T16:38:23Z,3139,0.0,,
2026-08-24T16:38:24Z,3139,0.0,,
2026-08-24T16:38:25Z,3139,0.0,,
2026-08-24T16:38:26Z,3139,0.0,,
2026-08-24T16:38:27Z,3139,0.0,,
2026-08-24T16:38:28Z,3139,0.0,,
2026-08-24T16:38:29Z,3139,0.0,,
2026-08-24T16:38:30Z,3139,0.0,,
2026-08-24T16:38:31Z,3139,0.0,,
2026-08-24T16:38:32Z,3139,0.0,,
2026-08-24T16:38:33Z,3139,0.0,,
2026-08-24T16:38:34Z,3139,0.0,,
2026-08-24T16:38:35Z,3139,0.0,,
2026-08-24T16:38:36Z,3139,0.0,,
2026-08-24T16:38:37Z,3139,0.0,,
2026-08-24T16:38:38Z,3139,0.0,,
2026-08-24T16:38:39Z,3139,0.0,,
2026-08-24T16:38:40Z,3139,0.0,,
2026-08-24T16:38:41Z,3139,0.0,,
2026-08-24T16:38:42Z,3139,0.0,,
2026-08-24T16:38:43Z,3139,0.0,,
2026-08-24T16:38:44Z,3139,0.0,,
2026-08-24T16:38:45Z,3139,0.0,,
2026-08-24T16:38:46Z,3139,0.0,,
2026-08-24T16:38:47Z,3139,0.0,,
2026-08-24T16:38:48Z,3139,0.0,,
2026-08-24T16:38:49Z,3139,0.0,,
2026-08-24T16:38:50Z,3139,0.0,,
2026-08-24T16:38:51Z,3139,0.0,,
2026-08-24T16:38:52Z,3139,0.0,,
2026-08-24T16:38:53Z,3139,0.0,,
2026-08-24T16:38:54Z,3139,0.0,,
2026-08-24T16:38:55Z,3139,0.0,,
2026-08-24T16:38:56Z,3139,0.0,,
2026-08-24T16:38:57Z,3139,0.0,,
2026-08-24T16:38:58Z,3139,0.0,,
2026-08-24T16:38:59Z,3139,0.0,,
2026-08-24T16:39:00Z,3139,0.0,,
2026-08-24T16:39:01Z,3139,0.0,,
2026-08-24T16:39:02Z,3139,0.0,,
2026-08-24T16:39:03Z,3139,0.0,,
2026-08-24T16:39:04Z,3139,0.0,,
2026-08-24T16:39:05Z,3139,0.0,,
2026-08-24T16:39:06Z,3139,0.0,,
2026-08-24T16:39:07Z,3139,0.0,,
2026-08-24T16:39:08Z,3139,0.0,,
2026-08-24T16:39:09Z,3139,0.0,,
2026-08-24T16:39:10Z,3139,0.0,,
2026-08-24T16:39:11Z,3139,0.0,,
2026-08-24T16:39:12Z,3139,0.0,,
2026-08-24T16:39:13Z,3139,0.0,,
2026-08-24T16:39:14Z,3139,0.0,,
2026-08-24T16:39:15Z,3139,0.0,,
2026-08-24T16:39:16Z,3139,0.0,,
2026-08-24T16:39:17Z,3139,0.0,,
2026-08-24T16:39:18Z,3139,0.0,,
2026-08-24T16:39:19Z,3139,0.0,,
2026-08-24T16:39:20Z,3139,0.0,,
2026-08-24T16:39:21Z,3139,0.0,,
2026-08-24T16:39:22Z,3139,0.0,,
2026-08-24T16:39:23Z,3139,0.0,,
2026-08-24T16:39:24Z,3139,0.0,,
2026-08-24T16:39:25Z,3139,0.0,,
2026-08-24T16:39:26Z,3139,0.0,,
2026-08-24T16:39:27Z,3139,0.0,,
2026-08-24T16:39:28Z,3139,0.0,,
2026-08-24T16:39:29Z,3139,0.0,,
2026-08-24T16:39:30Z,3139,0.0,,
2026-08-24T16:39:31Z,3139,0.0,,
2026-08-24T16:39:32Z,3139,0.0,,
2026-08-24T16:39:33Z,3139,0.0,,
2026-08-24T16:39:34Z,3139,0.0,,
2026-08-24T16:39:35Z,3139,0.0,,
2026-08-24T16:39:36Z,3139,0.0,,
2026-08-24T16:39:37Z,3139,0.0,,
2026-08-24T16:39:38Z,3139,0.0,,
2026-08-24T16:39:39Z,3139,0.0,,
2026-08-24T16:39:40Z,3139,0.0,,
2026-08-24T16:39:41Z,3139,0.0,,
2026-08-24T16:39:42Z,3139,0.0,,
2026-08-24T16:39:43Z,3139,0.0,,
2026-08-24T16:39:44Z,3139,0.0,,
2026-08-24T16:39:45Z,3139,0.0,,
2026-08-24T16:39:46Z,3139,0.0,,
2026-08-24T16:39:47Z,3139,0.0,,
2026-08-24T16:39:48Z,3139,0.0,,
2026-08-24T16:39:49Z,3139,0.0,,
2026-08-24T16:39:50Z,3139,0.0,,
2026-08-24T16:39:51Z,3139,0.0,,
2026-08-24T16:39:52Z,3139,0.0,,
2026-08-24T16:39:53Z,3139,0.0,,
2026-08-24T16:39:54Z,3139,0.0,,
2026-08-24T16:39:55Z,3139,0.0,,
2026-08-24T16:39:56Z,3139,0.0,,
2026-08-24T16:39:57Z,3139,0.0,,
2026-08-24T16:39:58Z,3139,0.0,,
2026-08-24T16:39:59Z,3139,0.0,,
2026-08-24T16:40:00Z,3139,0.0,,
2026-08-24T16:40:01Z,3139,0.0,,
2026-08-24T16:40:02Z,3139,0.0,,
2026-08-24T16:40:03Z,3139,0.0,,
2026-08-24T16:40:04Z,3139,0.0,,
2026-08-24T16:40:05Z,3139,0.0,,
2026-08-24T16:40:06Z,3139,0.0,,
2026-08-24T16:40:07Z,3139,0.0,,
2026-08-24T16:40:08Z,3139,0.0,,
2026-08-24T16:40:09Z,3139,0.0,,
2026-08-24T16:40:10Z,3139,0.0,,
2026-08-24T16:40:11Z,3139,0.0,,
2026-08-24T16:40:12Z,3139,0.0,,
2026-08-24T16:40:13Z,3139,0.0,,
2026-08-24T16:40:14Z,3139,0.0,,
2026-08-24T16:40:15Z,3139,0.0,,
2026-08-24T16:40:16Z,3139,0.0,,
2026-08-24T16:40:17Z,3139,0.0,,
2026-08-24T16:40:18Z,3139,0.0,,
2026-08-24T16:40:19Z,3139,0.0,,
2026-08-24T16:40:20Z,3139,0.0,,
2026-08-24T16:40:21Z,3139,0.0,,
2026-08-24T16:40:22Z,3139,0.0,,
2026-08-24T16:40:23Z,3139,0.0,,
2026-08-24T16:40:24Z,3139,0.0,,
2026-08-24T16:40:25Z,3139,0.0,,
2026-08-24T16:40:26Z,3139,0.0,,
2026-08-24T16:40:27Z,3139,0.0,,
2026-08-24T16:40:28Z,3139,0.0,,
2026-08-24T16:40:29Z,3139,0.0,,
2026-08-24T16:40:30Z,3139,0.0,,
2026-08-24T16:40:31Z,3139,0.0,,
2026-08-24T16:40:32Z,3139,0.0,,
2026-08-24T16:40:33Z,3139,0.0,,
2026-08-24T16:40:34Z,3139,0.0,,
2026-08-24T16:40:35Z,3139,0.0,,
2026-08-24T16:40:36Z,3139,0.0,,
2026-08-24T16:40:37Z,3139,0.0,,
2026-08-24T16:40:38Z,3139,0.0,,
2026-08-24T16:40:39Z,3139,0.0,,
2026-08-24T16:40:40Z,3139,0.0,,
2026-08-24T16:40:41Z,3139,0.0,,
2026-08-24T16:40:42Z,3139,0.0,,
2026-08-24T16:40:43Z,3139,0.0,,
2026-08-24T16:40:44Z,3139,0.0,,
2026-08-24T16:40:45Z,3139,0.0,,
2026-08-24T16:40:46Z,3139,0.0,,
2026-08-24T16:40:47Z,3139,0.0,,
2026-08-24T16:40:48Z,3139,0.0,,
2026-08-24T16:40:49Z,3139,0.0,,
2026-08-24T16:40:50Z,3139,0.0,,
2026-08-24T16:40:51Z,2824,17.5,,
2026-08-24T16:40:52Z,2179,54.9,,
2026-08-24T16:40:53Z,2064,61.5,,
2026-08-24T16:40:54Z,2023,63.9,,
2026-08-24T16:40:55Z,2217,52.7,,
2026-08-24T16:40:56Z,2072,61.1,,
2026-08-24T16:40:57Z,2055,62.1,,
2026-08-24T16:40:58Z,2049,62.4,,
2026-08-24T16:40:59Z,2056,62.0,,
2026-08-24T16:41:00Z,2111,58.8,,
2026-08-24T16:41:01Z,2106,59.1,,
2026-08-24T16:41:02Z,2106,59.1,,
2026-08-24T16:41:03Z,2099,59.5,,
2026-08-24T16:41:04Z,2101,59.4,,
2026-08-24T16:41:05Z,2101,59.4,,
2026-08-24T16:41:06Z,2099,59.5,,
2026-08-24T16:41:07Z,2106,59.1,,
2026-08-24T16:41:08Z,2124,58.1,,
2026-08-24T16:41:09Z,2672,26.3,,
2026-08-24T16:41:10Z,2671,26.4,,
2026-08-24T16:41:11Z,3139,0.0,,
2026-08-24T16:41:12Z,2292,48.3,,
2026-08-24T16:41:13Z,2043,62.7,,
2026-08-24T16:41:14Z,3139,0.0,,
2026-08-24T16:41:15Z,2138,57.2,,
2026-08-24T16:41:16Z,2181,54.8,,
2026-08-24T16:41:17Z,2067,61.4,,
2026-08-24T16:41:18Z,2123,58.1,,
2026-08-24T16:41:19Z,3139,0.0,,
2026-08-24T16:41:20Z,3139,0.0,,
2026-08-24T16:41:21Z,3139,0.0,,
2026-08-24T16:41:22Z,3139,0.0,,
2026-08-24T16:41:23Z,3139,0.0,,
2026-08-24T16:41:24Z,3139,0.0,,
2026-08-24T16:41:25Z,2602,30.4,,
2026-08-24T16:41:26Z,2280,49.0,,
2026-08-24T16:41:27Z,2030,63.5,,
2026-08-24T16:41:28Z,2270,49.6,,
2026-08-24T16:41:29Z,2192,54.1,,
2026-08-24T16:41:30Z,2081,60.5,,
2026-08-24T16:41:31Z,3139,0.0,,
2026-08-24T16:41:32Z,2513,35.5,,
2026-08-24T16:41:33Z,2171,55.3,,
2026-08-24T16:41:34Z,2165,55.7,,
2026-08-24T16:41:35Z,2171,55.3,,
2026-08-24T16:41:36Z,3139,0.0,,
2026-08-24T16:41:38Z,3139,0.0,,
2026-08-24T16:41:39Z,3139,0.0,,
2026-08-24T16:41:40Z,3139,0.0,,
2026-08-24T16:41:41Z,3139,0.0,,
2026-08-24T16:41:42Z,3139,0.0,,
2026-08-24T16:41:43Z,3139,0.0,,
2026-08-24T16:41:44Z,3139,0.0,,
2026-08-24T16:41:45Z,3139,0.0,,
2026-08-24T16:41:46Z,3139,0.0,,
2026-08-24T16:41:47Z,3139,0.0,,
2026-08-24T16:41:48Z,3139,0.0,,
2026-08-24T16:41:49Z,3139,0.0,,
2026-08-24T16:41:50Z,3139,0.0,,
2026-08-24T16:41:51Z,3139,0.0,,
2026-08-24T16:41:52Z,3139,0.0,,
2026-08-24T16:41:53Z,3139,0.0,,
2026-08-24T16:41:54Z,3139,0.0,,
2026-08-24T16:41:55Z,3139,0.0,,
2026-08-24T16:41:56Z,3139,0.0,,
2026-08-24T16:41:57Z,3139,0.0,,
2026-08-24T16:41:58Z,3139,0.0,,
2026-08-24T16:41:59Z,3139,0.0,,
2026-08-24T16:42:00Z,3139,0.0,,
2026-08-24T16:42:01Z,3139,0.0,,
2026-08-24T16:42:02Z,3139,0.0,,
2026-08-24T16:42:03Z,3139,0.0,,
2026-08-24T16:42:04Z,3139,0.0,,
2026-08-24T16:42:05Z,3139,0.0,,
2026-08-24T16:42:06Z,3139,0.0,,
2026-08-24T16:42:07Z,3139,0.0,,
2026-08-24T16:42:08Z,3139,0.0,,
2026-08-24T16:42:09Z,3139,0.0,,
2026-08-24T16:42:10Z,3139,0.0,,
2026-08-24T16:42:11Z,3139,0.0,,
2026-08-24T16:42:12Z,3139,0.0,,
2026-08-24T16:42:13Z,3139,0.0,,
2026-08-24T16:42:14Z,3139,0.0,,
2026-08-24T16:42:15Z,3139,0.0,,
2026-08-24T16:42:16Z,3139,0.0,,
2026-08-24T16:42:17Z,3139,0.0,,
2026-08-24T16:42:18Z,3139,0.0,,
2026-08-24T16:42:19Z,3139,0.0,,
2026-08-24T16:42:20Z,3139,0.0,,
2026-08-24T16:42:21Z,3139,0.0,,
2026-08-24T16:42:22Z,3139,0.0,,
2026-08-24T16:42:23Z,3139,0.0,,
2026-08-24T16:42:24Z,3139,0.0,,
2026-08-24T16:42:25Z,3139,0.0,,
2026-08-24T16:42:26Z,3139,0.0,,
2026-08-24T16:42:27Z,3139,0.0,,
2026-08-24T16:42:28Z,3139,0.0,,
2026-08-24T16:42:29Z,3139,0.0,,
2026-08-24T16:42:30Z,3139,0.0,,
2026-08-24T16:42:31Z,3139,0.0,,
2026-08-24T16:42:32Z,3139,0.0,,
2026-08-24T16:42:33Z,3139,0.0,,
2026-08-24T16:42:34Z,3139,0.0,,
2026-08-24T16:42:35Z,3139,0.0,,
2026-08-24T16:42:36Z,3139,0.0,,
2026-08-24T16:42:37Z,3139,0.0,,
2026-08-24T16:42:38Z,3139,0.0,,
2026-08-24T16:42:39Z,3139,0.0,,
2026-08-24T16:42:40Z,3139,0.0,,
2026-08-24T16:42:41Z,3139,0.0,,
2026-08-24T16:42:42Z,3139,0.0,,
2026-08-24T16:42:43Z,3139,0.0,,
2026-08-24T16:42:44Z,3139,0.0,,
2026-08-24T16:42:45Z,3139,0.0,,
2026-08-24T16:42:46Z,3139,0.0,,
2026-08-24T16:42:47Z,3139,0.0,,
2026-08-24T16:42:48Z,3139,0.0,,
2026-08-24T16:42:49Z,3139,0.0,,
2026-08-24T16:42:50Z,3139,0.0,,
2026-08-24T16:42:51Z,3139,0.0,,
2026-08-24T16:42:52Z,3139,0.0,,
2026-08-24T16:42:53Z,3139,0.0,,
2026-08-24T16:42:54Z,3139,0.0,,
2026-08-24T16:42:55Z,3139,0.0,,
2026-08-24T16:42:56Z,3139,0.0,,
2026-08-24T16:42:57Z,3139,0.0,,
2026-08-24T16:42:58Z,3139,0.0,,
2026-08-24T16:42:59Z,3139,0.0,,
2026-08-24T16:43:00Z,3139,0.0,,
2026-08-24T16:43:01Z,3139,0.0,,
2026-08-24T16:43:02Z,3139,0.0,,
2026-08-24T16:43:03Z,3139,0.0,,
2026-08-24T16:43:04Z,3139,0.0,,
2026-08-24T16:43:05Z,3139,0.0,,
2026-08-24T16:43:06Z,3139,0.0,,
2026-08-24T16:43:07Z,3139,0.0,,
2026-08-24T16:43:08Z,3139,0.0,,
2026-08-24T16:43:09Z,3139,0.0,,
2026-08-24T16:43:10Z,3139,0.0,,
2026-08-24T16:43:11Z,3139,0.0,,
2026-08-24T16:43:12Z,3139,0.0,,
2026-08-24T16:43:13Z,3139,0.0,,
2026-08-24T16:43:14Z,3139,0.0,,
2026-08-24T16:43:15Z,3139,0.0,,
2026-08-24T16:43:16Z,3139,0.0,,
2026-08-24T16:43:17Z,3139,0.0,,
2026-08-24T16:43:18Z,3139,0.0,,
2026-08-24T16:43:19Z,3139,0.0,,
2026-08-24T16:43:20Z,3139,0.0,,
2026-08-24T16:43:21Z,3139,0.0,,
2026-08-24T16:43:22Z,3139,0.0,,
2026-08-24T16:43:23Z,3139,0.0,,
2026-08-24T16:43:24Z,3139,0.0,,
2026-08-24T16:43:25Z,3139,0.0,,
2026-08-24T16:43:26Z,3139,0.0,,
2026-08-24T16:43:27Z,3139,0.0,,
2026-08-24T16:43:28Z,3139,0.0,,
2026-08-24T16:43:29Z,3139,0.0,,
2026-08-24T16:43:30Z,3139,0.0,,
2026-08-24T16:43:31Z,3139,0.0,,
2026-08-24T16:43:32Z,3139,0.0,,
2026-08-24T16:43:33Z,3139,0.0,,
2026-08-24T16:43:34Z,3139,0.0,,
2026-08-24T16:43:35Z,3139,0.0,,
2026-08-24T16:43:36Z,3139,0.0,,
2026-08-24T16:43:37Z,3139,0.0,,
2026-08-24T16:43:38Z,3139,0.0,,
2026-08-24T16:43:39Z,3139,0.0,,
2026-08-24T16:43:40Z,3139,0.0,,
2026-08-24T16:43:41Z,3139,0.0,,
2026-08-24T16:43:42Z,3139,0.0,,
2026-08-24T16:43:43Z,3139,0.0,,
2026-08-24T16:43:44Z,3139,0.0,,
2026-08-24T16:43:45Z,3139,0.0,,
2026-08-24T16:43:46Z,3139,0.0,,
2026-08-24T16:43:47Z,3139,0.0,,
2026-08-24T16:43:48Z,3139,0.0,,
2026-08-24T16:43:49Z,3139,0.0,,
2026-08-24T16:43:50Z,3139,0.0,,
2026-08-24T16:43:51Z,3139,0.0,,
2026-08-24T16:43:52Z,3139,0.0,,
2026-08-24T16:43:53Z,3139,0.0,,
2026-08-24T16:43:54Z,3139,0.0,,
2026-08-24T16:43:55Z,3139,0.0,,
2026-08-24T16:43:56Z,3139,0.0,,
2026-08-24T16:43:57Z,3139,0.0,,
2026-08-24T16:43:58Z,3139,0.0,,
2026-08-24T16:43:59Z,3139,0.0,,
2026-08-24T16:44:00Z,3139,0.0,,
2026-08-24T16:44:01Z,3139,0.0,,
2026-08-24T16:44:02Z,3139,0.0,,
2026-08-24T16:44:03Z,3139,0.0,,
2026-08-24T16:44:04Z,3139,0.0,,
2026-08-24T16:44:05Z,3139,0.0,,
2026-08-24T16:44:06Z,3139,0.0,,
